{
    "fwhm_l": 113.0,
    "fwhm_g": 23.5,
    "rp_from_fit": 17053,
    "ratio": 0.7575485778851996,
    "vc1": 400.679455343712,
    "energy_shift": -0.0805446562879979,
    "rp_from_table": 6909,
    "residuals": [
        -0.29326861659461223,
        -0.3081075182187728,
        -0.33641088221192994,
        -0.3747080391097238,
        -0.4289559931382727,
        -0.5101184978285953,
        -0.6210543326193765,
        -0.7996123251305391,
        -0.9518291901422695,
        -1.0472665953314717,
        -0.9631216013066827,
        -0.8155242668823207,
        -0.6564174491711592,
        -0.5721835846813843,
        -0.5175141759234786,
        -0.5028089264749989,
        -0.5178339171967419,
        -0.5742342545009959,
        -0.6598469257454793,
        -0.8219480698522456,
        -0.9647256835891492,
        -1.0581410929104198,
        -0.9798852193248985,
        -0.8196714534534076,
        -0.6563561546908435,
        -0.5622814216065412,
        -0.4927317106879089,
        -0.467154438620913,
        -0.46878373802746137,
        -0.5017407443678987,
        -0.5648530245108091,
        -0.6296973200633729,
        -0.6668403221525285,
        -0.6164525149356933,
        -0.5313579324351485,
        -0.4420079466567738,
        -0.38419210310243856,
        -0.3461806870131191,
        -0.3254559264161441,
        -0.3137831274162375,
        -0.3132953087683593,
        -0.32242066419369914,
        -0.3348765195800439,
        -0.3373364706098355,
        -0.3207595426256647,
        -0.29298585265740723,
        -0.2669264486832651,
        -0.24894383297013567,
        -0.23144792975477776,
        -0.2167250509935764,
        -0.20355047298993253,
        -0.1855501378681566,
        -0.16691159270234604,
        -0.1450750470587176,
        -0.1352497786289341,
        -0.1403424368844445,
        -0.1526090412683918,
        -0.16208340805735974,
        -0.16646693909442437,
        -0.1654107615515045,
        -0.1581345898965378,
        -0.1446979353424121,
        -0.1207715323770821,
        -0.09006859535346694,
        -0.05378715046951574,
        -0.03980329994262801,
        -0.05957633392294995,
        -0.09230447223263875,
        -0.12736754450631602,
        -0.14969556022706265,
        -0.1654704386842896,
        -0.17438914325524468,
        -0.1822107423378237,
        -0.18710669589520124,
        -0.19025206217707694
    ],
    "rms": 0.4863838231907695
}