{
    "fwhm_l": 113.0,
    "fwhm_g": 61.37,
    "rp_from_fit": 6530,
    "ratio": 0.9495583583078984,
    "vc1": 402.3368633808292,
    "energy_shift": 1.5768633808291952,
    "rp_from_table": 4309,
    "residuals": [
        -0.2799469130322384,
        -0.2839985799598925,
        -0.2839985799598925,
        -0.28907600253786303,
        -0.28907600253786303,
        -0.2946271862614051,
        -0.2946271862614051,
        -0.3027669630685695,
        -0.3027669630685695,
        -0.31273307998134003,
        -0.31273307998134003,
        -0.3245007882565176,
        -0.3245007882565176,
        -0.34140204932666884,
        -0.34140204932666884,
        -0.36364199365790256,
        -0.36364199365790256,
        -0.396846333382315,
        -0.396846333382315,
        -0.4405541727692125,
        -0.4405541727692125,
        -0.4997568589823844,
        -0.4997568589823844,
        -0.5853752772109901,
        -0.5853752772109901,
        -0.6800441454987457,
        -0.6800441454987457,
        -0.7993798504846756,
        -0.7993798504846756,
        -0.8996799158488084,
        -0.8996799158488084,
        -0.9774517599172634,
        -0.9774517599172634,
        -0.9958360802135414,
        -0.9958360802135414,
        -0.958468940250701,
        -0.958468940250701,
        -0.8793912660411005,
        -0.8793912660411005,
        -0.7841630445592959,
        -0.7841630445592959,
        -0.6965379360913473,
        -0.6965379360913473,
        -0.6281907379097268,
        -0.6281907379097268,
        -0.5952861757111046,
        -0.5952861757111046,
        -0.5908873199769682,
        -0.5908873199769682,
        -0.6269054085361216,
        -0.6269054085361216,
        -0.6918088912610693,
        -0.6918088912610693,
        -0.789332839143188,
        -0.789332839143188,
        -0.877762896530451,
        -0.877762896530451,
        -0.9315037663697844,
        -0.9315037663697844,
        -0.9164178779396389,
        -0.9164178779396389,
        -0.830699224254818,
        -0.830699224254818,
        -0.7157069780750247,
        -0.7157069780750247,
        -0.625385030216837,
        -0.625385030216837,
        -0.5488886919752203,
        -0.5488886919752203,
        -0.5116172099569515,
        -0.5116172099569515,
        -0.5024113121546103,
        -0.5024113121546103,
        -0.5191199248940452,
        -0.5191199248940452,
        -0.5502389356386299,
        -0.5502389356386299,
        -0.597284494244199,
        -0.597284494244199,
        -0.623824925892722,
        -0.623824925892722,
        -0.6144932261441852,
        -0.6144932261441852,
        -0.5605294198697204,
        -0.5605294198697204,
        -0.4946038334812745,
        -0.4946038334812745,
        -0.43813649884274913,
        -0.43813649884274913,
        -0.38981414644530765,
        -0.38981414644530765,
        -0.3679762478031078,
        -0.3679762478031078,
        -0.3529482327487752,
        -0.3529482327487752,
        -0.3551993129426106,
        -0.3551993129426106,
        -0.36531990267574865,
        -0.36531990267574865,
        -0.3807358871192007,
        -0.3807358871192007,
        -0.38794659234167234,
        -0.38794659234167234,
        -0.3830917372989636,
        -0.3830917372989636,
        -0.3660008317220912,
        -0.3660008317220912,
        -0.348437864449859,
        -0.348437864449859,
        -0.32468482144053956,
        -0.32468482144053956,
        -0.3088477298616838,
        -0.3088477298616838,
        -0.29763646007064715,
        -0.29763646007064715,
        -0.2901411008995411,
        -0.2901411008995411,
        -0.2851499538548433,
        -0.2851499538548433,
        -0.28072751702269194,
        -0.28072751702269194,
        -0.2786896023231367,
        -0.2786896023231367,
        -0.277934235916222,
        -0.277934235916222,
        -0.27698371126558124,
        -0.27698371126558124,
        -0.27386835362988,
        -0.27386835362988,
        -0.2692625200236873,
        -0.2692625200236873,
        -0.2633135924824456,
        -0.2633135924824456,
        -0.25870086331900793,
        -0.25870086331900793,
        -0.25522350359511126,
        -0.25522350359511126,
        -0.2515140620845053,
        -0.2515140620845053,
        -0.24778933572979822,
        -0.24778933572979822,
        -0.24529668443467645,
        -0.24529668443467645,
        -0.24390584159230644,
        -0.24390584159230644,
        -0.24365646136187025,
        -0.24365646136187025,
        -0.24424177130375307,
        -0.24424177130375307
    ],
    "rms": 0.5334544211709822
}