{
    "fwhm_l": 113.0,
    "fwhm_g": 114.46,
    "rp_from_fit": 3501,
    "ratio": 0.8744669932521398,
    "vc1": 400.67945534643593,
    "energy_shift": -0.08054465356406126,
    "rp_from_table": 4947,
    "residuals": [
        -0.1642734620549714,
        -0.18580999907085027,
        -0.22809863569403677,
        -0.2867446621822,
        -0.36949429795481775,
        -0.4859760433167671,
        -0.624591363917986,
        -0.802260550759215,
        -0.923457715267243,
        -0.999865745321343,
        -0.9697447401352566,
        -0.876238609456156,
        -0.7325366048409796,
        -0.6311402987053264,
        -0.5528368263402008,
        -0.5298579386544937,
        -0.5529636241925178,
        -0.6316416738078455,
        -0.73018811933352,
        -0.867818130312562,
        -0.953618885773507,
        -0.9916476120766917,
        -0.9404249957001632,
        -0.8299524532889238,
        -0.6815033917404023,
        -0.569712369774591,
        -0.4697961269017222,
        -0.4276377526750315,
        -0.4253994980571438,
        -0.46126640220311377,
        -0.520423369356575,
        -0.5716916164652239,
        -0.6050366443720633,
        -0.5862312987430329,
        -0.5310810089634141,
        -0.44571567480675234,
        -0.36929748555911923,
        -0.30771694947783834,
        -0.27061146400985464,
        -0.24936376272636218,
        -0.249273129621569,
        -0.2662245317626768,
        -0.2893713799014277,
        -0.30276816802886103,
        -0.29465872377407615,
        -0.2654922429913415,
        -0.22819222905805803,
        -0.19859640744870274,
        -0.17066175643804132,
        -0.15210219929681035,
        -0.14128821091125351,
        -0.13393992507186528,
        -0.13179313884811725,
        -0.1332242451270045,
        -0.13448648314278736,
        -0.12865297520232793,
        -0.11677104734181266,
        -0.10513688262961039,
        -0.09537218524462696,
        -0.08932267375970965,
        -0.08379678178462911,
        -0.07998431353664211,
        -0.0767465644217643,
        -0.07436087688214499,
        -0.07210986083201655,
        -0.0704266753824435,
        -0.06868209001016247,
        -0.06739672200130856,
        -0.06604510788442182,
        -0.06495390297875976,
        -0.06390198683084646,
        -0.06309619844470686,
        -0.06214791267334176,
        -0.06134908133696574,
        -0.06069255319606216
    ],
    "rms": 0.47206347996110826
}