{
    "fwhm_l": 113.0,
    "fwhm_g": 6612.66,
    "rp_from_fit": 60,
    "ratio": 0.9511092079352698,
    "vc1": 402.34014248627204,
    "energy_shift": 1.5801424862720523,
    "rp_from_table": 4309,
    "residuals": [
        -0.27672002522652384,
        -0.2812090841016169,
        -0.2812090841016169,
        -0.2867815280846145,
        -0.2867815280846145,
        -0.29281585571425345,
        -0.29281585571425345,
        -0.30157161340138455,
        -0.30157161340138455,
        -0.3121678346389775,
        -0.3121678346389775,
        -0.3245367434435999,
        -0.3245367434435999,
        -0.3420881228258238,
        -0.3420881228258238,
        -0.36489518093419254,
        -0.36489518093419254,
        -0.39852785319911727,
        -0.39852785319911727,
        -0.4423302770538267,
        -0.4423302770538267,
        -0.5012124731795434,
        -0.5012124731795434,
        -0.5859996686655438,
        -0.5859996686655438,
        -0.6796882616050618,
        -0.6796882616050618,
        -0.7981281971803821,
        -0.7981281971803821,
        -0.8983058356791993,
        -0.8983058356791993,
        -0.9768931932379146,
        -0.9768931932379146,
        -0.996462561725092,
        -0.996462561725092,
        -0.9598597703632682,
        -0.9598597703632682,
        -0.8805766871869629,
        -0.8805766871869629,
        -0.7843037268151672,
        -0.7843037268151672,
        -0.6954636703633764,
        -0.6954636703633764,
        -0.6264320445293344,
        -0.6264320445293344,
        -0.5938473979938655,
        -0.5938473979938655,
        -0.5903380067515394,
        -0.5903380067515394,
        -0.628226702905673,
        -0.628226702905673,
        -0.6938118010880137,
        -0.6938118010880137,
        -0.7901938588451647,
        -0.7901938588451647,
        -0.8765292019530069,
        -0.8765292019530069,
        -0.9295133136690564,
        -0.9295133136690564,
        -0.9162617512508918,
        -0.9162617512508918,
        -0.8333114667632827,
        -0.8333114667632827,
        -0.7181159795607482,
        -0.7181159795607482,
        -0.6252228268226262,
        -0.6252228268226262,
        -0.5456086467390554,
        -0.5456086467390554,
        -0.5077108830865883,
        -0.5077108830865883,
        -0.5002135076311832,
        -0.5002135076311832,
        -0.5203918621318062,
        -0.5203918621318062,
        -0.5533225564404828,
        -0.5533225564404828,
        -0.5992488041761572,
        -0.5992488041761572,
        -0.6229198529089542,
        -0.6229198529089542,
        -0.6128881701871425,
        -0.6128881701871425,
        -0.5608662995074247,
        -0.5608662995074247,
        -0.49605343037756255,
        -0.49605343037756255,
        -0.4385028664042156,
        -0.4385028664042156,
        -0.38799412266080285,
        -0.38799412266080285,
        -0.36552129330289507,
        -0.36552129330289507,
        -0.35191983313208886,
        -0.35191983313208886,
        -0.3562702488975829,
        -0.3562702488975829,
        -0.3669424755613435,
        -0.3669424755613435,
        -0.3809007616519386,
        -0.3809007616519386,
        -0.38678464705300153,
        -0.38678464705300153,
        -0.38232673593136046,
        -0.38232673593136046,
        -0.36704695493095996,
        -0.36704695493095996,
        -0.35024783252940905,
        -0.35024783252940905,
        -0.3252636252488325,
        -0.3252636252488325,
        -0.30708602295180754,
        -0.30708602295180754,
        -0.2938406970170438,
        -0.2938406970170438,
        -0.28540040540922734,
        -0.28540040540922734,
        -0.28068755022763425,
        -0.28068755022763425,
        -0.27885620027919794,
        -0.27885620027919794,
        -0.2812538623807221,
        -0.2812538623807221,
        -0.2849276192980571,
        -0.2849276192980571,
        -0.28623870272235624,
        -0.28623870272235624,
        -0.28097838934244473,
        -0.28097838934244473,
        -0.2733016321631748,
        -0.2733016321631748,
        -0.26412122776663577,
        -0.26412122776663577,
        -0.25777979374068327,
        -0.25777979374068327,
        -0.25377664229339786,
        -0.25377664229339786,
        -0.25032875004693733,
        -0.25032875004693733,
        -0.24744618270913704,
        -0.24744618270913704,
        -0.24550276965308407,
        -0.24550276965308407,
        -0.2439749800568716,
        -0.2439749800568716,
        -0.2424058851720794,
        -0.2424058851720794,
        -0.24144313004278292,
        -0.24144313004278292
    ],
    "rms": 0.533467211344763
}