{
    "fwhm_l": 113.0,
    "fwhm_g": 63.25,
    "rp_from_fit": 6335,
    "ratio": 0.6338296028075642,
    "vc1": 400.8653014606584,
    "energy_shift": 0.10530146065838153,
    "rp_from_table": 25047,
    "residuals": [
        0.00131362149057789,
        0.001080518201551469,
        0.0008667007180001157,
        0.0006430776569918435,
        0.0014680967672389324,
        0.0012195636635480393,
        0.0021248851601787435,
        0.0016507197028974852,
        0.0011778652575630544,
        0.0015971519662659282,
        0.0009682823096855923,
        0.0014642945267259524,
        0.0005038036994591075,
        0.0006907966517269541,
        0.0009319656858253009,
        0.0009809949239470914,
        0.0011068697504280356,
        0.0007663051343834715,
        0.0011918660073180869,
        0.001787601088633399,
        0.0012034487421399113,
        0.0010954296640807333,
        0.0008212396965813148,
        0.0012459450713578277,
        0.0007827249076133927,
        0.0007483116679574547,
        0.0014170171732638612,
        0.0010389870871698043,
        0.0008333920561892985,
        0.0006760737582744564,
        0.0010032308212271773,
        -0.0007795873601138259,
        -0.0006673230319857865,
        0.0011794439485445368,
        0.0001909327217706619,
        -0.0008662581082953397,
        -0.0017038077817357195,
        -0.0007008478310500249,
        -0.0018728774375658397,
        -0.002198164768352273,
        0.0021042880762062455,
        0.002912121444970911,
        0.0015780037476142705,
        0.002211151346834861,
        0.002290833921931329,
        0.001230864823958261,
        0.0015583774129123151,
        0.0029783414320846413,
        -0.00010527593260656332,
        -0.0006575341083497888,
        -0.008204136073637736,
        -0.0006765352940709124,
        -0.0023058191982907594,
        -0.0052836031045258025,
        -0.011514443287155951,
        -0.008507591594272002,
        -0.006903937721288944,
        0.011467204984501822,
        -0.009579444079544586,
        -0.001936635706270784,
        0.013183331737549153,
        0.009132252790818418,
        -0.004935091979826889,
        0.010677225611191998,
        -0.005782241046199954,
        -0.001693604588145603,
        -0.002836636486527322,
        -0.01611400927707607,
        0.003125384661350372,
        -0.003854371727840644,
        -0.0005795567396956747,
        -0.00206426495526868,
        0.013446055314219496,
        -0.002806865311853368,
        6.30079592934818e-05,
        -0.003484039728515631,
        0.0012617582004025296,
        0.003544438177969178,
        0.0035740467022447042,
        0.003234007829880703,
        0.001398024581659607,
        -0.0006743584781511713,
        0.0006974970399498126,
        0.0005279826648091346,
        0.001558477464925434,
        -0.008147030472167971,
        -0.001727945021843147,
        -0.007702013394448204,
        -0.0051244336542832225,
        -0.015309020496446113,
        0.003300197695285667,
        -0.008516151243016634,
        0.008750742788233512,
        -0.007000308009016298,
        0.004671316812014936,
        0.003667277194504215,
        0.020720624920016473,
        -0.006526446138672037,
        -0.0011209431183034635,
        -0.0028964370067184886,
        -0.01633168085299075,
        0.0034750114288493172,
        -0.003970073811330188,
        0.0013551236598700056,
        0.006792866424185973,
        -0.0006908474157734101,
        -0.011387035293838998,
        -0.00014515904928602552,
        -0.0030518080181197726,
        0.004217818722994315,
        -0.0018832748174816838,
        0.02002290542509716,
        0.0012846018794027136,
        0.00261522190769653,
        0.00168246900008312,
        -0.0017420865832573074,
        -0.002288271843466194,
        -0.0070869964693453524,
        -0.0031849407727975176,
        -0.004421401465819985,
        -0.0017135016465089636,
        -0.00705102379754291,
        0.0035768942617018795,
        -0.0002776564631020717,
        -0.001954636604032667,
        0.003939269310803406,
        0.0013823796218064843,
        -0.00418196159550388,
        0.0014202301910644088,
        -0.011857172350433487,
        -0.0028995783447309798,
        -0.004192270173644208,
        0.0030919440370745788,
        0.0028600074064887293,
        0.00033422046131525995,
        0.007921279886445975,
        0.006414054479044196,
        0.0013349128364132379,
        0.0028920878457676102,
        0.00466081887351083,
        -0.0020556130704317277,
        -0.001697234632073663,
        -0.0021941831188281857,
        6.416232907102692e-05,
        -0.006652187930934916,
        -0.0037112874231887416,
        -0.00044254189077830297,
        0.0009048592981057701,
        -0.005817248461215174,
        -0.0022456664124296255,
        -0.0046754486391070715,
        -0.006144183053133939,
        -0.004747550315813781,
        -0.0033326769907913723,
        0.0002159516236474035,
        -0.00015825060161597793,
        6.360480199751883e-07,
        0.001427156251349454,
        0.006291021550098558,
        0.001653991425744794,
        0.0021110368088133047,
        0.0003921683497924988,
        0.0006916441522377137,
        -4.318485185506038e-05,
        -0.0034025836509580243,
        -0.0014051879615873397,
        -0.0015520388317240008,
        -0.003341251711747373,
        0.0025790175302196072,
        -0.0005432764098529386,
        0.005362109155356676,
        -0.0021953877869956007,
        0.003208099062101788,
        -0.0013043991906496744,
        0.0010183962504960176,
        0.0005394785320235185,
        0.001568180143235079,
        -0.000590057490571852,
        -0.00030870652989971326,
        0.0012751093737879693,
        -0.0012519816065958284,
        -0.0003846486479894967,
        -0.0012915361904836942,
        -0.003225674709870327,
        -0.0035484635540503073,
        -0.0038756345510631562,
        -0.0025708296507874345,
        -0.0006128780108446696,
        -0.00031940051147964776,
        -0.00088165154716352,
        0.0006231049370272052,
        0.0019700538963274283,
        -0.0004356886711881641,
        -0.0022942807532877196,
        -0.003510116250548201,
        -0.0024735614655605476,
        -0.0025121872834496656,
        -0.0020987315560274944,
        -0.0008402211210583876,
        0.00021681180210807172,
        0.0015210973991322749,
        0.002022522305943679,
        0.0008256047505414282,
        0.00045405589948715325,
        -0.0010819941977949221,
        -0.0030085665778139953,
        -0.0029109215239135552,
        -0.001899402038217382,
        -0.0005105078855991083,
        0.0013106674440250266,
        1.70597049153412e-05,
        -0.0013741367439838725,
        -0.0019368683874217071,
        -0.0026919793945251874,
        -0.002491831380583103,
        -0.0018633687693586053,
        -0.0016365085497886747,
        -0.0018528792831248794,
        -0.0008734112932823092,
        -4.257589887401991e-05,
        0.0007282419203073487,
        0.001987746530999965,
        0.0025636769443947056,
        0.0025778149623068534,
        0.001992571595069409,
        0.0003334797652689188,
        -0.0003992259122679552,
        -0.0018790948864295248,
        -0.0028869863523692876,
        -0.0035893578343072947,
        -0.0033376487933747066,
        -0.003276354754959408,
        -0.002514094257140727,
        -0.001351744027800108,
        -0.00020652154695414635,
        0.0008709027834389246,
        0.0012826835177539124,
        0.0009755365007826956,
        0.001195295324533694,
        0.0007674028268899787,
        0.0008393273110499228,
        0.0008461973966061385,
        0.0011285304819318408,
        0.0007242778825251768,
        0.0011662475233277236,
        0.0010198992200865023,
        0.0013594764908061415,
        0.0010516278753591943,
        0.001315220058972626,
        0.0009549654591951978,
