{
    "fwhm_l": 113.0,
    "fwhm_g": 33.4,
    "rp_from_fit": 11999,
    "ratio": 0.6343744766540176,
    "vc1": 400.8651337231147,
    "energy_shift": 0.10513372311470448,
    "rp_from_table": 25047,
    "residuals": [
        0.0007186346608480196,
        0.0004873714149379732,
        0.0002752602120077302,
        5.343906726272031e-05,
        0.0008809254077326752,
        0.000634436313266467,
        0.001541603189392714,
        0.0010714063551403377,
        0.0006025467377904076,
        0.001027902268827265,
        0.00040447145067210727,
        0.0009059872601987953,
        -4.6089706292990265e-05,
        0.0001491709808747934,
        0.0003981507231585052,
        0.00045667614387476935,
        0.0005913478024736872,
        0.00026359968848007134,
        0.0007049977463753042,
        0.0013149166488007798,
        0.0007452072311097471,
        0.0006567833284736764,
        0.00040309191510190523,
        0.0008511567193028868,
        0.00041728932549241204,
        0.0004080173760951239,
        0.0011117658042540182,
        0.0007665328526272192,
        0.0005980817560914259,
        0.0004755309948445488,
        0.0008359828324818602,
        -0.0009102942977080308,
        -0.0007675144654021165,
        0.00110527180240301,
        0.00015135627895820902,
        -0.0008688697320287792,
        -0.0016711280833273667,
        -0.0006477562954015498,
        -0.0017988519657266833,
        -0.0020983822312533873,
        0.0022260201407170166,
        0.0030516200667410343,
        0.0017488438612887902,
        0.0024043787711383324,
        0.0025105470247595574,
        0.0014761357815431808,
        0.0018275812761024413,
        0.003265574442300856,
        0.00020021217571009053,
        -0.00033889891294131,
        -0.007879266668770979,
        -0.0003539061493815221,
        -0.001996724351140511,
        -0.004997147133732283,
        -0.01128082696415833,
        -0.008329156134645965,
        -0.0068118226763999035,
        0.011489913292338838,
        -0.009691589116640031,
        -0.0021474453824653628,
        0.012885603398098078,
        0.00876725122419153,
        -0.005298505280723953,
        0.010346798915098487,
        -0.0059648735621955495,
        -0.0016917730040600931,
        -0.0026082644013063483,
        -0.015776302697828815,
        0.0035935256447595654,
        -0.0033785016339704654,
        -0.0001651262673474374,
        -0.0017706775966894739,
        0.01352774247303079,
        -0.002835806365639626,
        -0.00014950406622005197,
        -0.0038097512469245087,
        0.0008102092932832927,
        0.0030182265841631195,
        0.002999113832781619,
        0.0026482661271127195,
        0.0008239173212333806,
        -0.0012266964215323917,
        0.00024520522729654104,
        0.00019912843443053996,
        0.0013452869449159799,
        -0.0082039887207907,
        -0.0016617394346575831,
        -0.007457000507668676,
        -0.0047554718699421294,
        -0.014812319376834582,
        0.0038589519756850876,
        -0.007925800263507199,
        0.009299467611255219,
        -0.006650882242455358,
        0.004779781406447303,
        0.003419963677325444,
        0.020234516510379774,
        -0.007328143738393411,
        -0.001938349932166794,
        -0.003318258091945858,
        -0.01659778805532719,
        0.003953045753636086,
        -0.0030547266046897503,
        0.002643513102228212,
        0.008217277758826635,
        0.0005917292120318773,
        -0.010369023742943684,
        0.00035367972220401445,
        -0.0029745704534077655,
        0.0036963612823440184,
        -0.0028836653204386553,
        0.018286775179343906,
        -0.0007995176920501113,
        0.00030787454568836914,
        -0.0007937676181580255,
        -0.0042692522085837625,
        -0.004811855023014622,
        -0.00921725163954168,
        -0.005095998912272193,
        -0.005982088269728902,
        -0.0029273938908706,
        -0.00738758258397737,
        0.003635030519002158,
        0.0008095990523946939,
        9.118868440621819e-05,
        0.006768927339421027,
        0.0048911026049549555,
        -9.466327036689037e-05,
        0.005541337239164612,
        -0.00849740927898579,
        -0.000343038607868662,
        -0.0038246787508515734,
        0.0011263486190575822,
        0.0001552954687683572,
        -0.0033070092684517327,
        0.003696337299948227,
        0.002337175225282151,
        -0.00226620912185449,
        0.00013229519813584556,
        0.003043432778705779,
        -0.0028590263810320815,
        -0.0015960561117754901,
        -0.001309946308573895,
        0.001594371923540061,
        -0.004769327562546638,
        -0.001349336989079103,
        0.002234828841949754,
        0.003735457056305236,
        -0.0029397983330614885,
        0.0005693598687009915,
        -0.0019546347988121104,
        -0.0039409637128707264,
        -0.003244408909067187,
        -0.0024525683716292435,
        0.0006010896391572818,
        -0.0004884282431384945,
        -0.0008978474934815683,
        8.94845241252995e-05,
        0.004778024288077581,
        0.00013665494130177258,
        0.0008432135842998401,
        -0.0003502831952846286,
        0.0005848837423726994,
        0.0004810638223575747,
        -0.0027044014799010307,
        -0.0006075156175543439,
        -0.0009826494457272905,
        -0.0030085121066397713,
        0.002401234974349492,
        -0.0009836758741042784,
        0.0046652068361626164,
        -0.0029425468022429013,
        0.002476403441831976,
        -0.001981264930626059,
        0.0004921958258118919,
        0.0001484965120760462,
        0.0013872293654779988,
        -0.000645958818836806,
        -0.00017545141952302057,
        0.0016250971688909488,
        -0.0007825175900462028,
        0.000336121518798152,
        -0.00033461003886224583,
        -0.002116348064157142,
        -0.002380503071293061,
        -0.002827055647281723,
        -0.0017571375569124803,
        -8.937578553371017e-05,
        -0.0001204274805965827,
        -0.0010352582925547554,
        0.0003509930633672498,
        0.0017736405630319058,
        -0.00037886570176555445,
        -0.0018475917167880829,
        -0.0027579563777371113,
        -0.0015355296093735454,
        -0.0016134229382555182,
        -0.0013918821358905042,
        -0.0004920052376393286,
        0.00021662527877357174,
        0.0012830657744535637,
        0.0017996316392912756,
        0.0009791813935225088,
        0.0012992243239852291,
        0.0006451696968119425,
        -0.0007387542377661135,
        -0.0015347611633214839,
        -0.002959616701358643,
        -0.0038386223321610624,
        -0.002203102609004519,
        -0.0019975025849413575,
        -0.0014544330886675089,
        -0.0006380107156220907,
        -0.0006541150249388394,
        -0.0003810090547361547,
        -4.86685275878293e-05,
        -0.00014632143663000433,
        -0.0008595477514346181,
        -0.0006034357243848119,
        -0.00042275824793594485,
        -0.00046954581598768197,
        -5.742907287979368e-05,
        3.153664294288164e-05,
        -4.7972939051638824e-05,
        -0.0003447095744564671,
        -0.001397578314345893,
        -0.0012759580639221425,
        -0.0017802460413775187,
        -0.0017424685121032422,
        -0.001709866895708373,
        -0.0009510436220190096,
        -0.0006319498708150604,
        0.0001537623289407479,
        0.0011817690274100387,
        0.0021021963976864642,
        0.002914965123793316,
        0.003065362039514019,
        0.002541236890327722,
        0.0024327915656480667,
        0.0017081129255737681,
        0.001514610251866456,
        0.0012932860697733202,
        0.001365833606171478,
        0.0008128492463668792,
        0.0011231666301871005,
        0.0008709304658433906,
        0.0011390594209082974,
        0.0007860859933108344,
        0.0010106228227919171,
